adaugare_categorie,5/26/2026 13:35
adaugare_categorie,5/26/2026 13:35
inregistrare_utilizator,5/26/2026 13:35
inregistrare_utilizator,5/26/2026 13:35
inregistrare_utilizator,5/26/2026 13:35
inregistrare_utilizator,5/26/2026 13:35
inregistrare_utilizator,5/26/2026 13:35
creare_curs,5/26/2026 13:35
creare_curs,5/26/2026 13:35
creare_curs,5/26/2026 13:35
sortare_cursuri_alfabetic,5/26/2026 13:35
inrolare_student,5/26/2026 13:35
inrolare_student,5/26/2026 13:35
inrolare_student,5/26/2026 13:35
inrolare_student,5/26/2026 13:35
cautare_cursuri_dupa_categorie,5/26/2026 13:35
sortare_cursuri_dupa_pret,5/26/2026 13:35
adaugare_lectie,5/26/2026 13:35
adaugare_lectie,5/26/2026 13:35
creare_quiz,5/26/2026 13:35
listare_studenti_per_curs,5/26/2026 13:35
actualizare_profil,5/26/2026 13:35
raport_venituri_profesor,5/26/2026 13:35
inregistrare_rezultat_quiz,5/26/2026 13:35
inregistrare_rezultat_quiz,5/26/2026 13:35
adaugare_categorie,5/26/2026 13:37
adaugare_categorie,5/26/2026 13:37
inregistrare_utilizator,5/26/2026 13:37
inregistrare_utilizator,5/26/2026 13:37
inregistrare_utilizator,5/26/2026 13:37
inregistrare_utilizator,5/26/2026 13:37
inregistrare_utilizator,5/26/2026 13:37
creare_curs,5/26/2026 13:37
creare_curs,5/26/2026 13:37
creare_curs,5/26/2026 13:37
sortare_cursuri_alfabetic,5/26/2026 13:37
inrolare_student,5/26/2026 13:37
inrolare_student,5/26/2026 13:37
inrolare_student,5/26/2026 13:37
inrolare_student,5/26/2026 13:37
cautare_cursuri_dupa_categorie,5/26/2026 13:37
sortare_cursuri_dupa_pret,5/26/2026 13:37
adaugare_lectie,5/26/2026 13:37
adaugare_lectie,5/26/2026 13:37
creare_quiz,5/26/2026 13:37
listare_studenti_per_curs,5/26/2026 13:37
actualizare_profil,5/26/2026 13:37
raport_venituri_profesor,5/26/2026 13:37
inregistrare_rezultat_quiz,5/26/2026 13:37
inregistrare_rezultat_quiz,5/26/2026 13:37
adaugare_categorie,2026-05-26 13:44:28
adaugare_categorie,2026-05-26 13:44:28
inregistrare_utilizator,2026-05-26 13:44:28
inregistrare_utilizator,2026-05-26 13:44:28
inregistrare_utilizator,2026-05-26 13:44:28
inregistrare_utilizator,2026-05-26 13:44:28
inregistrare_utilizator,2026-05-26 13:44:28
creare_curs,2026-05-26 13:44:28
creare_curs,2026-05-26 13:44:28
creare_curs,2026-05-26 13:44:28
sortare_cursuri_alfabetic,2026-05-26 13:44:28
inrolare_student,2026-05-26 13:44:28
inrolare_student,2026-05-26 13:44:28
inrolare_student,2026-05-26 13:44:28
inrolare_student,2026-05-26 13:44:28
cautare_cursuri_dupa_categorie,2026-05-26 13:44:28
sortare_cursuri_dupa_pret,2026-05-26 13:44:28
adaugare_lectie,2026-05-26 13:44:28
adaugare_lectie,2026-05-26 13:44:28
creare_quiz,2026-05-26 13:44:28
listare_studenti_per_curs,2026-05-26 13:44:28
actualizare_profil,2026-05-26 13:44:28
raport_venituri_profesor,2026-05-26 13:44:28
inregistrare_rezultat_quiz,2026-05-26 13:44:28
inregistrare_rezultat_quiz,2026-05-26 13:44:28
adaugare_categorie,2026-05-26 14:06:02
adaugare_categorie,2026-05-26 14:06:02
inregistrare_utilizator,2026-05-26 14:06:02
inregistrare_utilizator,2026-05-26 14:06:02
inregistrare_utilizator,2026-05-26 14:06:02
inregistrare_utilizator,2026-05-26 14:06:02
inregistrare_utilizator,2026-05-26 14:06:02
creare_curs,2026-05-26 14:06:02
creare_curs,2026-05-26 14:06:02
creare_curs,2026-05-26 14:06:02
sortare_cursuri_alfabetic,2026-05-26 14:06:02
inrolare_student,2026-05-26 14:06:02
inrolare_student,2026-05-26 14:06:02
inrolare_student,2026-05-26 14:06:02
inrolare_student,2026-05-26 14:06:02
cautare_cursuri_dupa_categorie,2026-05-26 14:06:02
sortare_cursuri_dupa_pret,2026-05-26 14:06:02
adaugare_lectie,2026-05-26 14:06:02
adaugare_lectie,2026-05-26 14:06:02
creare_quiz,2026-05-26 14:06:02
listare_studenti_per_curs,2026-05-26 14:06:02
actualizare_profil,2026-05-26 14:06:02
raport_venituri_profesor,2026-05-26 14:06:02
inregistrare_rezultat_quiz,2026-05-26 14:06:02
inregistrare_rezultat_quiz,2026-05-26 14:06:02
adaugare_categorie,2026-05-26 14:09:12
adaugare_categorie,2026-05-26 14:09:12
inregistrare_utilizator,2026-05-26 14:09:12
inregistrare_utilizator,2026-05-26 14:09:12
inregistrare_utilizator,2026-05-26 14:09:12
inregistrare_utilizator,2026-05-26 14:09:12
inregistrare_utilizator,2026-05-26 14:09:12
creare_curs,2026-05-26 14:09:12
creare_curs,2026-05-26 14:09:12
creare_curs,2026-05-26 14:09:12
sortare_cursuri_alfabetic,2026-05-26 14:09:12
inrolare_student,2026-05-26 14:09:12
inrolare_student,2026-05-26 14:09:12
inrolare_student,2026-05-26 14:09:12
inrolare_student,2026-05-26 14:09:12
cautare_cursuri_dupa_categorie,2026-05-26 14:09:12
sortare_cursuri_dupa_pret,2026-05-26 14:09:12
adaugare_lectie,2026-05-26 14:09:12
adaugare_lectie,2026-05-26 14:09:12
creare_quiz,2026-05-26 14:09:12
listare_studenti_per_curs,2026-05-26 14:09:12
actualizare_profil,2026-05-26 14:09:12
raport_venituri_profesor,2026-05-26 14:09:12
inregistrare_rezultat_quiz,2026-05-26 14:09:12
inregistrare_rezultat_quiz,2026-05-26 14:09:12
adaugare_categorie,2026-05-26 14:10:05
adaugare_categorie,2026-05-26 14:10:05
inregistrare_utilizator,2026-05-26 14:10:05
inregistrare_utilizator,2026-05-26 14:10:05
inregistrare_utilizator,2026-05-26 14:10:05
inregistrare_utilizator,2026-05-26 14:10:05
inregistrare_utilizator,2026-05-26 14:10:05
creare_curs,2026-05-26 14:10:05
creare_curs,2026-05-26 14:10:05
creare_curs,2026-05-26 14:10:05
sortare_cursuri_alfabetic,2026-05-26 14:10:05
inrolare_student,2026-05-26 14:10:05
inrolare_student,2026-05-26 14:10:05
inrolare_student,2026-05-26 14:10:05
inrolare_student,2026-05-26 14:10:05
cautare_cursuri_dupa_categorie,2026-05-26 14:10:05
sortare_cursuri_dupa_pret,2026-05-26 14:10:05
adaugare_lectie,2026-05-26 14:10:05
adaugare_lectie,2026-05-26 14:10:05
creare_quiz,2026-05-26 14:10:05
listare_studenti_per_curs,2026-05-26 14:10:05
actualizare_profil,2026-05-26 14:10:05
raport_venituri_profesor,2026-05-26 14:10:05
inregistrare_rezultat_quiz,2026-05-26 14:10:05
inregistrare_rezultat_quiz,2026-05-26 14:10:05
adaugare_categorie,2026-05-26 14:33:43
adaugare_categorie,2026-05-26 14:33:43
inregistrare_utilizator,2026-05-26 14:33:43
inregistrare_utilizator,2026-05-26 14:33:43
inregistrare_utilizator,2026-05-26 14:33:43
inregistrare_utilizator,2026-05-26 14:33:43
inregistrare_utilizator,2026-05-26 14:33:43
creare_curs,2026-05-26 14:33:43
creare_curs,2026-05-26 14:33:43
creare_curs,2026-05-26 14:33:43
sortare_cursuri_alfabetic,2026-05-26 14:33:43
inrolare_student,2026-05-26 14:33:43
inrolare_student,2026-05-26 14:33:43
inrolare_student,2026-05-26 14:33:43
inrolare_student,2026-05-26 14:33:43
cautare_cursuri_dupa_categorie,2026-05-26 14:33:43
sortare_cursuri_dupa_pret,2026-05-26 14:33:43
adaugare_lectie,2026-05-26 14:33:43
adaugare_lectie,2026-05-26 14:33:43
creare_quiz,2026-05-26 14:33:43
listare_studenti_per_curs,2026-05-26 14:33:43
actualizare_profil,2026-05-26 14:33:43
raport_venituri_profesor,2026-05-26 14:33:43
inregistrare_rezultat_quiz,2026-05-26 14:33:43
inregistrare_rezultat_quiz,2026-05-26 14:33:43
